제목,링크주소
"日다카이치, 방위상에 '방위력 강화' 지시…방일 앞둔 트럼프 의식(종합)",https://v.daum.net/v/20251022153314534
"해킹 '늑장신고' 칼 빼든 정부…업계 ""경찰권 남용 우려""(종합)",https://v.daum.net/v/20251022153056359
“현금 없으면 청약도 포기할 판”…잔금 대출규제에 청약예정자들 어쩌나,https://v.daum.net/v/20251022151204446
"김용범·김정관 긴급 방미...“부분 MOU 고려 안 해""",https://v.daum.net/v/20251022145216319
"해병특검 ""尹, 출석 조사해야""…'수사 외압' 의혹 경찰 대거 압색",https://v.daum.net/v/20251022144206739
"고공행진 '금' 역사적 급락…""건전한 조정일 뿐""",https://v.daum.net/v/20251022142312589
중국의 '보유세 실험'이 李 정부에 시사하는 것들,https://v.daum.net/v/20251022141405166
[단독] 120억원 로맨스스캠 실체 확인한 경찰관… “총책이 직원들 이름 줄줄 불러줘”,https://v.daum.net/v/20251022134618850
"경기 남부에서 '캄보디아 실종 신고' 44건 접수…""15명 행적 확인 중""",https://v.daum.net/v/20251022134504816
